NAME,REFERENCE,CODE,LINE,CAPACITY,QUANTITY,IMAGE
C4RC2KHW,BTAIJA,9965,9VSG,681.1533229236975,253,image_1.jpg
FS5CQDYQ,4P6WA3,7014,GGLV,727.3201134256344,402,image_2.jpg
RQIT2QMB,ILK3RK,4749,QZGU,159.59420327873295,409,image_3.jpg
4IB9MCSM,JTODCT,1850,WI81,901.329948461025,219,image_4.jpg
5LZPCFMQ,KGS1HF,8581,DV7T,375.2020429980686,147,image_5.jpg
258Y8T76,MBWV0N,8868,538V,436.26215247238997,181,image_6.jpg
BAI5U4OL,6P9SQ4,8774,3917,16.476772345063793,18,image_7.jpg
MODAPS3X,BDT9B5,1095,L8BT,451.4945101455409,298,image_8.jpg
KU3RJOAV,9NZGY8,2791,79J3,430.7573926030181,116,image_9.jpg
LLX4BQ8O,LHKMR7,8598,F67C,250.41651569929516,171,image_10.jpg
B52EBF74,HCOXZF,5028,YT6M,619.9159201461041,223,image_11.jpg
BN7UVQ6A,11L90S,8501,XEL0,829.6139453234548,124,image_12.jpg
ITDVQHL1,6Y4FTK,4196,HOLW,845.4038071347264,258,image_13.jpg
K288CORO,35BB8V,4593,W5L2,736.4565303385735,389,image_14.jpg
8C62VUQY,FEAKKI,3121,NX7U,563.6204811806571,333,image_15.jpg
DW13541B,HD4PJC,8736,MB43,800.2246298093885,330,image_16.jpg
M0ESWK7R,JEY98J,2847,4W6M,22.19953090775402,429,image_17.jpg
7NV8TFQU,TYVUIC,6034,0OP8,525.3675759937588,335,image_18.jpg
S3A2LIRA,369F4I,7452,PQKE,666.1668707007312,211,image_19.jpg
KUYXOR6T,VPDZYT,5493,F4KF,450.62512149879257,199,image_20.jpg
BN5EI0RN,75ZH0R,6433,VJPY,646.05115031148,17,image_21.jpg
W7V7M2KN,8K6049,6745,UF3R,219.4392659649205,339,image_22.jpg
O1J0BTHM,R3E9FB,6261,EJ40,164.50450371004436,190,image_23.jpg
Z4XT2325,ROPQBE,9971,0HAW,800.6975765357055,392,image_24.jpg
WBGJNQRK,2R7X0S,2249,6LF6,36.64290568534554,492,image_25.jpg
UD1SH6BO,R81Q9H,9422,1Z7C,817.8624176210401,34,image_26.jpg
C9VV3KW6,ZZ1LY3,7886,I9CG,304.846378869977,226,image_27.jpg
5WTSC4GA,71X991,7490,LQXR,98.08109592300195,406,image_28.jpg
A14QB1Y8,5J2QF2,5364,9K9U,821.4338670370533,52,image_29.jpg
7VK3QOIB,2A2A7N,4685,5PCP,527.1878126234557,212,image_30.jpg
WM7VIT5N,6SZHVZ,4812,DTFM,714.7347866404634,126,image_31.jpg
OELFH2VN,ZKRL8D,3983,BHG3,752.3030315470178,406,image_32.jpg
32ZV9VBW,ZC94SV,3234,0Y71,604.4990724656399,478,image_33.jpg
PPYXUC31,3AZGPS,6604,US7P,504.052491173622,262,image_34.jpg
ISFRBFXA,93JLQO,5631,Z6K3,707.7799480632768,498,image_35.jpg
MDGJD1ZV,9WPQ2N,6623,NDLA,80.44297004227879,159,image_36.jpg
UN4KG280,KZ8Q5V,1389,9N33,321.1763500872618,177,image_37.jpg
U12PCZTN,M8AJ94,1589,0XRZ,132.3605032139952,76,image_38.jpg
ICD0QKW9,RW8I53,7547,HQ81,959.8887590864774,128,image_39.jpg
RLSXFFD9,U2X6AJ,1044,IAM9,721.2063000973474,143,image_40.jpg
TT2LK3SJ,L3OOXU,3030,3LI3,717.6888004574664,56,image_41.jpg
ZUNK07IP,74UCG3,6599,F02F,590.2370770418504,424,image_42.jpg
IAXHWC5E,XWLJNB,6256,E2XQ,232.57040981285238,375,image_43.jpg
ERSIEIA4,3QFI3Z,4735,G7M0,670.5196859489145,408,image_44.jpg
3A7RWYZW,4NI1ZA,6010,F2TU,921.5668479716138,342,image_45.jpg
Z29GFCNB,H8798F,7778,NYF0,114.8001966211443,147,image_46.jpg
GCJJE6ZS,JM8863,3080,7V70,143.2025969242876,231,image_47.jpg
VMGG9PQM,1A1AQ5,1675,W6W7,891.6622132667745,58,image_48.jpg
S4OP3V6F,VYGO1Z,6743,X25R,69.17464340260715,244,image_49.jpg
PHPM8X0Y,KJSMUA,7413,PRZR,144.34485913361942,279,image_50.jpg
2XCV6C4L,2O3YKB,3681,03LE,225.42905673697484,376,image_51.jpg
ECAWUAZG,SXP3W8,2907,REVH,891.2125881202736,118,image_52.jpg
YX44OQHY,PDYIHL,1039,8V25,516.4404771379709,373,image_53.jpg
2BES2B2Z,WSIDWC,9468,NICW,258.2488653443388,154,image_54.jpg
3TN5QH1V,914KM1,8795,1SY4,18.821594128569476,497,image_55.jpg
KJZ1CM04,BJ8PGT,1208,WQ8F,305.9937202384669,65,image_56.jpg
GYBWAKDY,WW1QU3,6676,ZJDE,955.1690760224861,34,image_57.jpg
FS1OCOEE,UBML2N,9745,H4A6,338.27342364612866,157,image_58.jpg
OL9KLPH8,IY7GAP,9690,IVQ3,474.7569973879004,342,image_59.jpg
8RS0NXGA,483D8X,4237,48GB,586.0533059837942,313,image_60.jpg
6HGAM1MB,P44PZ1,1867,KXRE,842.6069872192553,67,image_61.jpg
RU8DCR0C,77N4LF,7236,MBEE,665.6519819435479,203,image_62.jpg
WJZIA00X,1A002X,9237,6SQX,313.137728095221,409,image_63.jpg
ZM0UU5BD,FEJZP5,4505,DBT2,493.57115630943497,218,image_64.jpg
147XCQBJ,0HWB6F,5870,UUF6,533.1171978850005,45,image_65.jpg
PKNLYIPL,31BEO7,7375,VDZP,641.7742418477853,39,image_66.jpg
RM2SEFWG,KPHBHA,2502,KH5M,25.569345709361194,95,image_67.jpg
WENHGLHU,DKKU82,1322,PU26,671.4369807267244,180,image_68.jpg
64BXJ230,8GWPFF,5225,QS0P,940.3288639104687,461,image_69.jpg
ZIOWVSMK,HYHTRG,2935,CK28,643.1278007248363,367,image_70.jpg
E1LWNQ45,DLI7E3,7113,26N6,261.6162068860802,213,image_71.jpg
Q2ANPUPS,7NK96X,6851,K7U7,593.0780376300821,122,image_72.jpg
YXD79GH6,16TIB9,5522,2ZQP,258.65141315416747,95,image_73.jpg
XYKPFWAR,X30E6L,5260,2B9C,841.5651733442721,120,image_74.jpg
2T5DYDHW,A084HI,1635,WLV2,740.7383675663414,198,image_75.jpg
UVOIJ3SZ,9W1O4J,8771,SKY4,939.0598146344441,148,image_76.jpg
8YI6R0MY,GG9P5H,1420,4BLJ,483.3459854557746,253,image_77.jpg
YBK0RJSO,LRDQTK,3073,VSGD,785.2755379172766,471,image_78.jpg
GE2DJZH6,T01NAI,4697,5APS,895.3982543477672,54,image_79.jpg
H8VE3V8J,1WVRYO,5861,TQNB,88.68079584712977,52,image_80.jpg
LJPLU7F6,GKSWWM,9770,XH5L,182.4811514527038,348,image_81.jpg
CU1K9WLO,7X26AM,5838,ATN1,219.3731893847238,94,image_82.jpg
HIJ23SB3,EFR9L7,8145,QNQP,527.6833148169766,364,image_83.jpg
8P0WM534,AQGGS7,3683,SATC,357.35423051208767,275,image_84.jpg
00FYA7V8,9XCFLQ,3507,22DU,288.55723078649055,354,image_85.jpg
DUU55R69,YQL1IO,2385,0P6N,464.29580180166107,20,image_86.jpg
K1VA3G1J,3RQBB6,8195,1Z9E,579.5184151729514,320,image_87.jpg
FJZ744F8,ZN1JRR,1708,VVCZ,716.8816245931808,149,image_88.jpg
M58ORCJF,DCAJUJ,8721,MP9I,721.1030567460159,164,image_89.jpg
BIAO6TY0,PI8HDI,4013,0ZMK,300.4466169480167,67,image_90.jpg
YDNIYXZB,UKD6AT,4613,9DFY,921.283305576762,196,image_91.jpg
0G763T74,08GOY0,5187,TRGV,532.1850330213815,498,image_92.jpg
AIJHFO1Z,OE2W7J,4882,TDCC,503.7518731553979,481,image_93.jpg
WVWNWE04,06BQDK,7722,ZR88,257.6333564609281,405,image_94.jpg
XL7JQ715,FOYAR4,1224,CML6,354.2414018781696,422,image_95.jpg
6Y4KNX6L,75O6NB,6438,TOX9,712.2636376813638,115,image_96.jpg
P3L0WPUV,T44L06,5275,UN1P,820.546175053598,289,image_97.jpg
8LCW3AFP,X9Q5OS,4553,74B6,732.8908389682343,218,image_98.jpg
FPJPGGRR,LWTP76,6905,M0UI,27.56751730052911,418,image_99.jpg
6VJ13Y1U,QXFFH9,7022,K0LX,722.0282873818619,142,image_100.jpg
